market,mean,min,max,std,spread_max_min
DayAhead,109.27314814814815,-1.03,429.36,57.52865253405114,430.39
IDA1,107.9136574074074,-14.98,415.21,56.24922620961367,430.19
IDA2,103.72822916666667,-9.68,346.81,52.32609669075884,356.49
IDA3,108.1087037037037,-14.97,321.57,64.11179049119009,336.54
IntradayVWAP,102.91366898148148,-22.18,276.02,51.441691031789695,298.2
