market_pair,mean,min,max,area_name
DayAhead_to_IntradayVWAP,9.748298611111109,-4.1627083333333275,35.527395833333344,FR
DayAhead_to_IDA3,5.8569444444444425,-18.147291666666675,25.06510416666667,FR
DayAhead_to_IDA2,5.70284722222222,-3.933125000000004,14.532812499999991,FR
DayAhead_to_IDA1,1.5882638888888865,-4.12104166666667,7.201458333333328,FR
