market,mean,min,max,std,spread_max_min
DayAhead,57.10171130952381,-1.03,291.1,44.12487273227352,292.13
IDA1,59.274077380952384,-7.77,306.1,43.852071461080214,313.87
IDA2,63.2948363095238,-7.26,254.0,45.74507816288169,261.26
IDA3,63.4941369047619,-26.84,221.14,46.08132697708759,247.98
IntradayVWAP,70.10441964285714,-11.25,230.83,47.85328717603841,242.08
